{
  "true": {
    "d_f": 0.24,
    "K": 30.0,
    "W040": 1.5
  },
  "init": {
    "d_f": 0.55,
    "K": 12.0,
    "W040": -0.8
  },
  "recovered": {
    "d_f": 0.2410542219877243,
    "K": 29.979095458984375,
    "W040": 1.499043583869934
  },
  "rel_err": {
    "d_f": 0.004392591597215507,
    "K": 0.0006968180338309394,
    "W040": 0.0006376107529522048
  },
  "final_loss": 0.0004606636066455394,
  "iters": 420,
  "seconds": 24.52191948890686
}